"","aplicacion","consumo_asignado_app","consumo_usado_app","consumo_fantasia_app","General","n_centrales","consumo_x_general_asignado","consumo_x_general_usado"
"1","12C",30318,14582.39665,15735.60335,"Sin Direccion",1,30318,14582.39665
"2","2012 DATA CENTER 64 BITS ENG",64,8.4,55.6,"Sin Direccion",1,64,8.4
"3","32D",1161.16666666667,434.323722384712,726.842944281955,"Comunicaciones y Tecnologias de la Informacion",4,290.291666666667,108.580930596178
"4","32D",1161.16666666667,434.323722384712,726.842944281955,"Evaluacion",4,290.291666666667,108.580930596178
"5","32D",1161.16666666667,434.323722384712,726.842944281955,"Recaudacion",4,290.291666666667,108.580930596178
"6","32D",1161.16666666667,434.323722384712,726.842944281955,"Servicios al Contribuyente",4,290.291666666667,108.580930596178
"7","32D/ECU: Incorporacion respuesta negativa por subdeclarar ingresos al reporte de Opinion del Cumplimiento y Modificacion a la Estructura del Cumplimiento",7701.68962580771,3681.70844575463,4019.98118005308,"Sin Direccion",1,7701.68962580771,3681.70844575463
"8","32D: Autorizacion y Consulta Publica Reporte de Opinion del Cumplimiento del Contribuyente.",1917.33333333333,836.807111005651,1080.52622232768,"Sin Direccion",1,1917.33333333333,836.807111005651
"9","ACC",3430,716.3523,2713.6477,"Sin Direccion",1,3430,716.3523
"10","ACDMA/AMCI",912,262.48835,649.51165,"Comunicaciones y Tecnologias de la Informacion",1,912,262.48835
"11","ACE",3641,647.066742578125,2993.93325742188,"Sin Direccion",1,3641,647.066742578125
"12","ACM",642,101.43524765625,540.56475234375,"Sin Direccion",1,642,101.43524765625
"13","ACRONIS",200,60.810546875,139.189453125,"Sin Direccion",1,200,60.810546875
"14","ACW",25206.5900390625,12242.7029651962,12963.8870738663,"Sin Direccion",1,25206.5900390625,12242.7029651962
"15","ACW GRANJA/PLT",598.5,251.123305664063,347.376694335937,"Servicios al Contribuyente",1,598.5,251.123305664063
"16","ACW.",216,120.065625,95.934375,"Sin Direccion",1,216,120.065625
"17","ADA",3904,679.01695,3224.98305,"Sin Direccion",1,3904,679.01695
"18","ADM",49733.5625,6461.32228782552,43272.2402121745,"Aduanas",1,49733.5625,6461.32228782552
"19","ADU",394.075,371.380309594252,22.6946904057481,"Sin Direccion",1,394.075,371.380309594252
"20","ADUANAS",394.075,371.380309594252,22.6946904057481,"Aduanas",1,394.075,371.380309594252
"21","AFI",1087.9990234375,57.1711537109375,1030.82786972656,"Sin Direccion",1,1087.9990234375,57.1711537109375
"22","AGA",13686,1597.98920234375,12088.0107976563,"Sin Direccion",1,13686,1597.98920234375
"23","AGAFF: Fiscalizacion Electronica",5396.88205005013,1014.67223812001,4382.20981193012,"Sin Direccion",1,5396.88205005013,1014.67223812001
"24","AGC",28305,4187.266,24117.734,"Sin Direccion",1,28305,4187.266
"25","AGF",4610.86328125,1055.93852207031,3554.92475917969,"Sin Direccion",1,4610.86328125,1055.93852207031
"26","AGJ",1332,382.156842559524,949.843157440476,"Juridica",1,1332,382.156842559524
"27","AGP",6467.99951171875,2574.43523613817,3893.56427558058,"Sin Direccion",1,6467.99951171875,2574.43523613817
"28","AGP EXPLOTACION",2462.49951171875,1343.8743506556,1118.62516106315,"Planeacion",1,2462.49951171875,1343.8743506556
"29","AGR",3156.00390625,747.170674414063,2408.83323183594,"Sin Direccion",1,3156.00390625,747.170674414063
"30","AGS",10397.574131016,2704.37977546498,7693.19435555107,"Sin Direccion",1,10397.574131016,2704.37977546498
"31","AIG",1165,353.4311875,811.5688125,"Sin Direccion",1,1165,353.4311875
"32","ALFSSO2COM",720,457.416,262.584,"Sin Direccion",1,720,457.416
"33","ALR",118.35,91.0458333333333,27.3041666666667,"Sin Direccion",1,118.35,91.0458333333333
"34","AMA",1009,175.0631,833.9369,"Sin Direccion",1,1009,175.0631
"35","AMG",1915,687.53572265625,1227.46427734375,"Sin Direccion",1,1915,687.53572265625
"36","AMIGA",775,221.91375,553.08625,"Aduanas",1,775,221.91375
"37","ANA",282,67.7364,214.2636,"Sin Direccion",1,282,67.7364
"38","ANTIVIRUS",1449,560.659837705047,888.340162294953,"TODAS",1,1449,560.659837705047
"39","ANTIVIRUS IWSVA",664,99.9486,564.0514,"TODAS",1,664,99.9486
"40","APIS",135.7109375,17.5301210742188,118.180816425781,"Aduanas",1,135.7109375,17.5301210742188
"41","ARC",1213.5791015625,558.984713720703,654.594387841797,"Sin Direccion",1,1213.5791015625,558.984713720703
"42","ARCA",2771.57958984375,1373.28633144579,1398.29325839796,"Recaudacion",1,2771.57958984375,1373.28633144579
"43","ARI",120,52.8787857142855,67.1212142857145,"Sin Direccion",1,120,52.8787857142855
"44","ARIS",3785.4072265625,2132.17743916103,1653.22978740147,"Planeacion",1,3785.4072265625,2132.17743916103
"45","ARQUITECTURA ANALITICA",428,87.63224765625,340.36775234375,"Comunicaciones y Tecnologias de la Informacion",1,428,87.63224765625
"46","ARSMTREM",120,18.156,101.844,"Sin Direccion",1,120,18.156
"47","ASI",2701,654.956259728857,2046.04374027114,"Sin Direccion",1,2701,654.956259728857
"48","ATS-G",3284.7998046875,3068.02556499023,216.774239697266,"Planeacion",1,3284.7998046875,3068.02556499023
"49","AUF",228,59.9848,168.0152,"Sin Direccion",1,228,59.9848
"50","AVL",150.775,148.40625,2.36875,"Comunicaciones y Tecnologias de la Informacion",1,150.775,148.40625
"51","AVMOTION",8,3.22053675612602,4.77946324387398,"Sin Direccion",1,8,3.22053675612602
"52","B",74824.8333333333,72378.8742143327,2445.95911900064,"Sin Direccion",1,74824.8333333333,72378.8742143327
"53","BAM",58625.046875,8848.55582148438,49776.4910535156,"Sin Direccion",1,58625.046875,8848.55582148438
"54","BIG",5873.19921875,228.788008203125,5644.41121054687,"Sin Direccion",1,5873.19921875,228.788008203125
"55","BIO",21938.50390625,16958.7631954259,4979.7407108241,"Sin Direccion",1,21938.50390625,16958.7631954259
"56","BIOMETRICO SRE",5065.2265625,2079.78402334595,2985.44253915405,"Servicios al Contribuyente",1,5065.2265625,2079.78402334595
"57","BIOMETRICOS",21538.50390625,16853.9981954259,4684.50571082409,"Servicios al Contribuyente",1,21538.50390625,16853.9981954259
"58","BLADE",1696.46666666667,806.839907969722,889.626758696944,"Sin Direccion",1,1696.46666666667,806.839907969722
"59","BMC",5244,865.781008781846,4378.21899121815,"Sin Direccion",1,5244,865.781008781846
"60","BTO",8470.3,834.63725,7635.66275,"TODAS",1,8470.3,834.63725
"61","BUS",11760.4333333333,3188.54503317938,8571.88830015396,"Sin Direccion",1,11760.4333333333,3188.54503317938
"62","BUS DE DATOS",1469.83333333333,527.05284453125,942.780488802083,"Comunicaciones y Tecnologias de la Informacion",1,1469.83333333333,527.05284453125
"63","BUS INTEGRACION",1123,497.210329296875,625.789670703125,"Comunicaciones y Tecnologias de la Informacion",1,1123,497.210329296875
"64","BUT",3944,1251.0259,2692.9741,"Sin Direccion",1,3944,1251.0259
"65","BUZON TRIBUTARIO (AGAFF/AGAGACE)",17363.0833333333,4089.98252083333,13273.1008125,"Auditoria Fiscal Federal",1,17363.0833333333,4089.98252083333
"66","BZN",13337.8333333333,3183.58420904948,10154.2491242839,"Sin Direccion",1,13337.8333333333,3183.58420904948
"67","BZT",5440.25,1150.74486178385,4289.50513821615,"Sin Direccion",1,5440.25,1150.74486178385
"68","Buzon Tributario (nuevo)",25615.9073968778,5305.9427811095,20309.9646157683,"Sin Direccion",1,25615.9073968778,5305.9427811095
"69","C GESTION AGGC",1153,1056.851,96.149,"Grandes Contribuyentes",1,1153,1056.851
"70","CAP",14940.029296875,4113.74222626953,10826.2870706055,"Auditoria Fiscal Federal",1,14940.029296875,4113.74222626953
"71","CBZ",8180.5,2971.3018922619,5209.1981077381,"Sin Direccion",1,8180.5,2971.3018922619
"72","CCN",2380.8583984375,1053.01279519507,1327.84560324243,"Sin Direccion",1,2380.8583984375,1053.01279519507
"73","CCT",4005.5,566.016734375,3439.483265625,"Sin Direccion",1,4005.5,566.016734375
"74","CCT.",596,63.1462,532.8538,"Sin Direccion",1,596,63.1462
"75","CDC",9441.60074869792,3535.96283117031,5905.6379175276,"Sin Direccion",1,9441.60074869792,3535.96283117031
"76","CDC Replica de RFCAmpliado",17910.2507486979,10600.003335177,7310.2474135209,"Servicios al Contribuyente",1,17910.2507486979,10600.003335177
"77","CDF",9180.65000000001,7173.91727865947,2006.73272134053,"Sin Direccion",1,9180.65000000001,7173.91727865947
"78","CENTOS ",60,31.8046875,28.1953125,"Sin Direccion",1,60,31.8046875
"79","CENTRALES",232.8447265625,81.3908741699217,151.453852392578,"Comunicaciones y Tecnologias de la Informacion",1,232.8447265625,81.3908741699217
"80","CERTISAT",332,152.427659338779,179.572340661221,"Servicios al Contribuyente",1,332,152.427659338779
"81","CET",3396,897.4792,2498.5208,"Sin Direccion",1,3396,897.4792
"82","CFD",202,102.212,99.788,"Sin Direccion",1,202,102.212
"83","CFDI",118,59.708,58.292,"Servicios al Contribuyente",1,118,59.708
"84","CIL",8623,1917.1495,6705.8505,"Sin Direccion",1,8623,1917.1495
"85","CIN",4376.3994140625,348.470839941406,4027.92857412109,"Sin Direccion",1,4376.3994140625,348.470839941406
"86","CL",789,134.25155,654.74845,"Sin Direccion",1,789,134.25155
"87","CLE",16,6.088,9.912,"Sin Direccion",1,16,6.088
"88","CLON",138,25.0677,112.9323,"Sin Direccion",1,138,25.0677
"89","CLON  16OCT",87,46.4406,40.5594,"Sin Direccion",1,87,46.4406
"90","CLON PIA 16OCT",117,79.16923828125,37.83076171875,"Sin Direccion",1,117,79.16923828125
"91","CLONE SIN",72,7.9128,64.0872,"Sin Direccion",1,72,7.9128
"92","CMD",324.5,85.5558,238.9442,"Sin Direccion",1,324.5,85.5558
"93","CMDB",416.5,139.316,277.184,"Comunicaciones y Tecnologias de la Informacion",1,416.5,139.316
"94","CMR",2160,440.59374375,1719.40625625,"Servicios al Contribuyente",1,2160,440.59374375
"95","COB",36116.046875,12176.5474757052,23939.4993992948,"Recaudacion",1,36116.046875,12176.5474757052
"96","COBRANZA",9882.2548828125,8327.85598110352,1554.39890170898,"Recaudacion",1,9882.2548828125,8327.85598110352
"97","COD",1195.5,475.96618828125,719.53381171875,"Sin Direccion",1,1195.5,475.96618828125
"98","COHERENCE",1248,344.43436875,903.56563125,"Auditoria Fiscal Federal",1,1248,344.43436875
"99","COMERCIO EXTERIOR",512,213.7984,298.2016,"Auditoria de Comercio Exterior",1,512,213.7984
"100","COMUNICACION INTERNA",66,11.9889,54.0111,"TODAS",1,66,11.9889
"101","CONDONACIONES",504,197.4168,306.5832,"Recaudacion",1,504,197.4168
"102","CONTROL DE OBLIGACIONES",5615,1833.2620648104,3781.7379351896,"Recaudacion",1,5615,1833.2620648104
"103","CONVERTER",160,51.387390625,108.612609375,"Sin Direccion",1,160,51.387390625
"104","COP",1190.16666666667,522.405259181587,667.76140748508,"Sin Direccion",1,1190.16666666667,522.405259181587
"105","CPA",1583.9,1517.67091567852,66.2290843214756,"Sin Direccion",1,1583.9,1517.67091567852
"106","CPANSQL",2924.005859375,444.929072167968,2479.07678720704,"Sin Direccion",1,2924.005859375,444.929072167968
"107","CPD",45.5,19.48765,26.01235,"Sin Direccion",1,45.5,19.48765
"108","CPED",503.5,278.058917776856,225.441082223144,"Aduanas",1,503.5,278.058917776856
"109","CPNN1",138.625,132.174128571428,6.45087142857145,"Aduanas",1,138.625,132.174128571428
"110","CPNQN",48,34.0304394880482,13.9695605119518,"Sin Direccion",1,48,34.0304394880482
"111","CPNV1",200.4,192.817857142857,7.58214285714286,"Aduanas",1,200.4,192.817857142857
"112","CRM",43654.629296875,33233.9687055835,10420.6605912916,"Servicios al Contribuyente",1,43654.629296875,33233.9687055835
"113","CSI",32,15.3152,16.6848,"Comunicaciones y Tecnologias de la Informacion",1,32,15.3152
"114","CUN",102,44.6349609375,57.3650390625,"Auditoria Fiscal Federal",1,102,44.6349609375
"115","CUP",306,47.29995,258.70005,"Sin Direccion",1,306,47.29995
"116","DAN",11248.572265625,3907.41859464874,7341.15367097626,"Sin Direccion",1,11248.572265625,3907.41859464874
"117","DCC",5978,861.5742,5116.4258,"Sin Direccion",1,5978,861.5742
"118","DCOH",1056,225.4472,830.5528,"Sin Direccion",1,1056,225.4472
"119","DEB",5500,870.7508,4629.2492,"Sin Direccion",1,5500,870.7508
"120","DEC",4989,796.38675,4192.61325,"Sin Direccion",1,4989,796.38675
"121","DECLARACIONES ANUALES",7948.572265625,2987.44198683624,4961.13027878876,"Servicios al Contribuyente",1,7948.572265625,2987.44198683624
"122","DECLARACIONES Y PAGOS",7611.00244140625,1984.31029902818,5626.69214237807,"Servicios al Contribuyente",1,7611.00244140625,1984.31029902818
"123","DEE",8034,1966.3396,6067.6604,"Sin Direccion",1,8034,1966.3396
"124","DEEPSECURITY",1673.599609375,1185.26206293106,488.337546443939,"TODAS",1,1673.599609375,1185.26206293106
"125","DEO",4199,646.2055,3552.7945,"Sin Direccion",1,4199,646.2055
"126","DEP",8295,1467.7288,6827.2712,"Sin Direccion",1,8295,1467.7288
"127","DESCUBRIMIENTO Y GESTION DE LICENCIAS",114,46.7343,67.2657,"Comunicaciones y Tecnologias de la Informacion",1,114,46.7343
"128","DEW",5580,789.0514,4790.9486,"Sin Direccion",1,5580,789.0514
"129","DNDC",704,148.1128,555.8872,"Sin Direccion",1,704,148.1128
"130","DNDE",240,45.972,194.028,"Sin Direccion",1,240,45.972
"131","DNDS",352,88.176,263.824,"Sin Direccion",1,352,88.176
"132","DNDW",352,47.564,304.436,"Sin Direccion",1,352,47.564
"133","DNS",252.4,79.5514220238095,172.848577976191,"TODAS",1,252.4,79.5514220238095
"134","DOB",652,142.1818,509.8182,"Sin Direccion",1,652,142.1818
"135","DOC",2239.5,1008.814925,1230.685075,"Sin Direccion",1,2239.5,1008.814925
"136","DOCPO",2667,2070.37417459331,596.625825406692,"Sin Direccion",1,2667,2070.37417459331
"137","DOCUMENTUM",1623.890625,791.894231220704,831.996393779296,"Servicios al Contribuyente",1,1623.890625,791.894231220704
"138","DPA",196492.001464844,74445.8743770012,122046.127087843,"Servicios al Contribuyente",1,196492.001464844,74445.8743770012
"139","DPO",592,101.8568,490.1432,"Sin Direccion",1,592,101.8568
"140","DPS",1682,497.10325,1184.89675,"Servicios al Contribuyente",1,1682,497.10325
"141","DSS",2840,796.62485,2043.37515,"Sin Direccion",1,2840,796.62485
"142","DTR",132,76.2102,55.7898,"Sin Direccion",1,132,76.2102
"143","DUMMY",539,150.356787109375,388.643212890625,"Sin Direccion",1,539,150.356787109375
"144","DWH",27222.40625,22812.0410527805,4410.36519721945,"Comunicaciones y Tecnologias de la Informacion",1,27222.40625,22812.0410527805
"145","DYC",12665,2906.662975,9758.337025,"Sin Direccion",1,12665,2906.662975
"146","DYP",22830.3792271205,10838.1546047803,11992.2246223403,"Recaudacion",2,11415.1896135603,5419.07730239013
"147","DYP",22830.3792271205,10838.1546047803,11992.2246223403,"Servicios al Contribuyente",2,11415.1896135603,5419.07730239013
"148","DYP RIF",576,208.1952,367.8048,"Servicios al Contribuyente",1,576,208.1952
"149","E5C",10784.876953125,1843.06788193359,8941.8090711914,"Sin Direccion",1,10784.876953125,1843.06788193359
"150","EFI",6298.5,1257.880875,5040.619125,"Sin Direccion",1,6298.5,1257.880875
"151","EMC",282,22.3203,259.6797,"Sin Direccion",1,282,22.3203
"152","EMCS",212.017578125,128.722000312805,83.2955778121948,"Sin Direccion",1,212.017578125,128.722000312805
"153","EMG",3331.00146484375,1267.11144188423,2063.89002295952,"Sin Direccion",1,3331.00146484375,1267.11144188423
"154","EMG/RFS",2589.00048828125,1033.50219521141,1555.49829306984,"Auditoria Fiscal Federal",1,2589.00048828125,1033.50219521141
"155","EPM",259.9140625,239.016971875,20.897090625,"Comunicaciones y Tecnologias de la Informacion",1,259.9140625,239.016971875
"156","ERMDO",413.5,282.550829218517,130.949170781483,"Sin Direccion",1,413.5,282.550829218517
"157","ERMPO",3322.46666666667,3089.29499731857,233.171669348101,"Sin Direccion",1,3322.46666666667,3089.29499731857
"158","ESX",140262.173214286,87301.4417176766,52960.7314966091,"Sin Direccion",1,140262.173214286,87301.4417176766
"159","EVE",3614.1,1467.37339477307,2146.72660522693,"Sin Direccion",1,3614.1,1467.37339477307
"160","EVER",256,59.0275,196.9725,"Sin Direccion",1,256,59.0275
"161","EVEREST",1861,719.901254296875,1141.09874570312,"Recursos y Servicios",1,1861,719.901254296875
"162","EXCHANGE",290672.207877604,198620.5750569,92051.6328207042,"Sin Direccion",1,290672.207877604,198620.5750569
"163","EXPERIENCE MANAGER",500,173.3642578125,326.6357421875,"Sin Direccion",1,500,173.3642578125
"164","F3241",1156,589.9646,566.0354,"Grandes Contribuyentes",1,1156,589.9646
"165","FIA",6464,1473.5454828125,4990.4545171875,"Auditoria de Comercio Exterior",1,6464,1473.5454828125
"166","FINANZAS",697.6,565.990025359256,131.609974640744,"Sin Direccion",1,697.6,565.990025359256
"167","FOP",5231.54636363636,2658.5863242598,2572.96003937656,"Sin Direccion",1,5231.54636363636,2658.5863242598
"168","FOPAI",11141.7861097301,6049.22038289076,5092.56572683936,"Recursos y Servicios",1,11141.7861097301,6049.22038289076
"169","FORMULARIO3241",600,188.88,411.12,"Grandes Contribuyentes",1,600,188.88
"170","FPK",4710,1023.4882234375,3686.5117765625,"Sin Direccion",1,4710,1023.4882234375
"171","G",48.3,46.1045454545455,2.19545454545454,"Sin Direccion",1,48.3,46.1045454545455
"172","GCT",6400,972.635184375,5427.364815625,"Sin Direccion",1,6400,972.635184375
"173","GDE",15474,1981.6614,13492.3386,"Sin Direccion",1,15474,1981.6614
"174","GEI",256,55.864,200.136,"Sin Direccion",1,256,55.864
"175","GENERADOR DE DOCUMENTOS",5536.857421875,1466.75244042969,4070.10498144531,"Servicios al Contribuyente",1,5536.857421875,1466.75244042969
"176","GESTFIN",70,23.5725,46.4275,"Sin Direccion",1,70,23.5725
"177","GESTION DE BIENES",48.3,46.1045454545455,2.19545454545454,"TODAS",1,48.3,46.1045454545455
"178","GESTOR DE DOCUMENTOS",302,58.6658,243.3342,"Servicios al Contribuyente",1,302,58.6658
"179","GGC",15364.001953125,2346.56274433594,13017.4392087891,"Sin Direccion",1,15364.001953125,2346.56274433594
"180","GMP",230,49.036,180.964,"Sin Direccion",1,230,49.036
"181","GOBIERNOTI (IT360)",11903.9921875,1888.4188453125,10015.5733421875,"Comunicaciones y Tecnologias de la Informacion",1,11903.9921875,1888.4188453125
"182","GRP",1736.4,1403.54663285433,332.853367145675,"Sin Direccion",1,1736.4,1403.54663285433
"183","GSC",16808.50390625,3055.51407207031,13752.9898341797,"Sin Direccion",1,16808.50390625,3055.51407207031
"184","HARVEST",150.775,148.40625,2.36875,"Sin Direccion",1,150.775,148.40625
"185","HEC",1230.9990234375,389.889960131836,841.109063305665,"Sin Direccion",1,1230.9990234375,389.889960131836
"186","HECOFIS",2129.6806640625,922.582833909607,1207.09783015289,"Grandes Contribuyentes",1,2129.6806640625,922.582833909607
"187","HER",343,45.34565,297.65435,"Sin Direccion",1,343,45.34565
"188","IDC",197554.446649639,133427.809685226,64126.6369644132,"Servicios al Contribuyente",1,197554.446649639,133427.809685226
"189","IDC 1.0",67.8291015625,52.36406640625,15.46503515625,"Servicios al Contribuyente",1,67.8291015625,52.36406640625
"190","IDC 2.0",4090.33203125,2893.04108363451,1197.29094761549,"Servicios al Contribuyente",1,4090.33203125,2893.04108363451
"191","IDC 2.5",29457.6823542668,20819.6825622723,8637.9997919945,"Servicios al Contribuyente",1,29457.6823542668,20819.6825622723
"192","IDC 2.5 - STRESS",1453.475,474.516061150192,978.958938849808,"Servicios al Contribuyente",1,1453.475,474.516061150192
"193","IDC2.5-UAT",14206.1831054688,4955.32947625815,9250.85362921061,"Servicios al Contribuyente",1,14206.1831054688,4955.32947625815
"194","IDCRPLMSQL",364,51.1056,312.8944,"Sin Direccion",1,364,51.1056
"195","IDE",559.60546875,411.315484428406,148.289984321594,"Aduanas",1,559.60546875,411.315484428406
"196","IDN",155411.179927202,31346.087226875,124065.092700327,"Sin Direccion",1,155411.179927202,31346.087226875
"197","IDN (NOVELL)",39399.7658765388,9285.53813822548,30114.2277383133,"TODAS",1,39399.7658765388,9285.53813822548
"198","IDN-STRESS-NOVELL",4270.5,300.509650539952,3969.99034946005,"TODAS",1,4270.5,300.509650539952
"199","INE",8314,1069.03655,7244.96345,"Sin Direccion",1,8314,1069.03655
"200","INT",2532,475.7162,2056.2838,"Sin Direccion",1,2532,475.7162
"201","INTRASAT",188,138.1818359375,49.8181640625,"Aduanas",1,188,138.1818359375
"202","ISOSADP",40.8,32.8331360946746,7.96686390532544,"Sin Direccion",1,40.8,32.8331360946746
"203","Implementacion del portal de tramites y Servicios al Contribuyente",1806.20174701983,488.369322963748,1317.83242405608,"Sin Direccion",1,1806.20174701983,488.369322963748
"204","Intercambio de Informacion SAT-INE, asi como el TEPJF",3106,311.03865,2794.96135,"Sin Direccion",1,3106,311.03865
"205","JFP",5492.23974609375,2448.85695863095,3043.3827874628,"Sin Direccion",1,5492.23974609375,2448.85695863095
"206","JUEGOS Y SORTEOS",104,32.058,71.942,"Auditoria Fiscal Federal",1,104,32.058
"207","JUPITER",1939.123046875,721.192702660276,1217.93034421472,"Juridica",1,1939.123046875,721.192702660276
"208","L.1.3.64.1.",108.5,55.4286458333333,53.0713541666667,"Sin Direccion",1,108.5,55.4286458333333
"209","L.1.4.32.10.",72,31.4748,40.5252,"Sin Direccion",1,72,31.4748
"210","L.1.4.64.2.",62,27.1033,34.8967,"Sin Direccion",1,62,27.1033
"211","L.2.2.32.2.",67,7.19915,59.80085,"Sin Direccion",1,67,7.19915
"212","L.2.2.32.3.",67,18.9811,48.0189,"Sin Direccion",1,67,18.9811
"213","L.2.2.64.",42,19.0869,22.9131,"Sin Direccion",1,42,19.0869
"214","L.2.2.64.14.",42,16.4556,25.5444,"Sin Direccion",1,42,16.4556
"215","L.2.2.64.2.",38,20.2844,17.7156,"Sin Direccion",1,38,20.2844
"216","L.2.2.64.21.",47,15.11285,31.88715,"Sin Direccion",1,47,15.11285
"217","L.2.2.64.24.",82,43.7716,38.2284,"Sin Direccion",1,82,43.7716
"218","L.2.2.64.6.",42,18.8454,23.1546,"Sin Direccion",1,42,18.8454
"219","L.3.1.64.16.",145,69.46225,75.53775,"Sin Direccion",1,145,69.46225
"220","L.3.1.64.4.",140,45.017,94.983,"Sin Direccion",1,140,45.017
"221","LAB",3951.45,3145.75887723338,805.691122766617,"Sin Direccion",1,3951.45,3145.75887723338
"222","LABORATORIO",251.5,61.415278125,190.084721875,"Comunicaciones y Tecnologias de la Informacion",1,251.5,61.415278125
"223","LCP",6064.3984375,106.346853808594,5958.05158369141,"Sin Direccion",1,6064.3984375,106.346853808594
"224","LEG",32,18.7552,13.2448,"Sin Direccion",1,32,18.7552
"225","LIF",914,146.43425,767.56575,"Sin Direccion",1,914,146.43425
"226","LIK",282,45.8413068844808,236.158693115519,"Sin Direccion",1,282,45.8413068844808
"227","MACROPROYECTOS",2508.170703125,630.002014950227,1878.16868817477,"TODAS",1,2508.170703125,630.002014950227
"228","MAQ",754,136.24625,617.75375,"Sin Direccion",1,754,136.24625
"229","MARIMBA",766,339.9508,426.0492,"Sin Direccion",1,766,339.9508
"230","MAT",603,146.35405,456.64595,"Sin Direccion",1,603,146.35405
"231","MAT DyC",19139.807683928,5968.37235430754,13171.4353296204,"Sin Direccion",1,19139.807683928,5968.37235430754
"232","MATCAPBKGX",214,21.8066,192.1934,"Sin Direccion",1,214,21.8066
"233","MATCE: Automatizacion y llenado electronico del formulario multiple de pago para comercio exterior",4389.82794744318,1358.16897040128,3031.6589770419,"Sin Direccion",1,4389.82794744318,1358.16897040128
"234","MIA",928,155.577,772.423,"Sin Direccion",1,928,155.577
"235","MISI",740,96.237,643.763,"Sin Direccion",1,740,96.237
"236","MONITOR ENUVE",192,25.0656,166.9344,"Comunicaciones y Tecnologias de la Informacion",1,192,25.0656
"237","MONITOREO INDRA",1329,428.689593407235,900.310406592765,"Comunicaciones y Tecnologias de la Informacion",1,1329,428.689593407235
"238","MOR",378.1,200.868344362018,177.231655637982,"Sin Direccion",1,378.1,200.868344362018
"239","MORSA",101.3,19.1016943620178,82.1983056379822,"Planeacion",1,101.3,19.1016943620178
"240","MPR",2431.320703125,619.728654685459,1811.59204843954,"Sin Direccion",1,2431.320703125,619.728654685459
"241","MSK",266,138.9451,127.0549,"Sin Direccion",1,266,138.9451
"242","MTS",564,219.7344,344.2656,"Sin Direccion",1,564,219.7344
"243","MVA XMAIL",20,15.9599609375,4.0400390625,"Sin Direccion",1,20,15.9599609375
"244","Mantenimiento a las declaraciones anuales",63091.2788085938,24467.6632702286,38623.6155383651,"Sin Direccion",1,63091.2788085938,24467.6632702286
"245","Modulo de registros de codigos de seguridad en cajetillas de Cigarros",14339.8615872187,4399.98732150367,9939.87426571502,"Sin Direccion",1,14339.8615872187,4399.98732150367
"246","NEE",3715.5,719.3655,2996.1345,"Sin Direccion",1,3715.5,719.3655
"247","NEW VIRTUAL MACHINE",127,73.59015,53.40985,"Sin Direccion",1,127,73.59015
"248","NOM",810,375.1401,434.8599,"Sin Direccion",1,810,375.1401
"249","NOMINA SAT",2823.6953125,1890.69375908661,933.001553413391,"Recaudacion",1,2823.6953125,1890.69375908661
"250","NOTIFICACION Y VERIFICACION",11441.6666666667,2451.92323476562,8989.74343190104,"Grandes Contribuyentes",1,11441.6666666667,2451.92323476562
"251","NYV",19011.6666666667,3449.76043476562,15561.906231901,"Sin Direccion",1,19011.6666666667,3449.76043476562
"252","NYV_RRL",57646.3166666667,13831.1037352214,43815.2129314453,"Comunicaciones y Tecnologias de la Informacion",2,28823.1583333333,6915.55186761068
"253","NYV_RRL",57646.3166666667,13831.1037352214,43815.2129314453,"Juridica",2,28823.1583333333,6915.55186761068
"254","OEM",198,44.3223,153.6777,"Sin Direccion",1,198,44.3223
"255","OFICINA SIN PAPEL",280,116.005859375,163.994140625,"Evaluacion",1,280,116.005859375
"256","OPT",464,106.72,357.28,"Sin Direccion",1,464,106.72
"257","OVM",211.4,26.2385954241071,185.161404575893,"Sin Direccion",1,211.4,26.2385954241071
"258","Oficialia de Partes",4906.81932277741,1183.97871446534,3722.84060831207,"Sin Direccion",1,4906.81932277741,1183.97871446534
"259","P",1592,368.2208,1223.7792,"Sin Direccion",1,1592,368.2208
"260","P2V",40,15.09375,24.90625,"Sin Direccion",1,40,15.09375
"261","PADRON DE CONTRIBUYENTES",3628,2128.03285026042,1499.96714973958,"Servicios al Contribuyente",1,3628,2128.03285026042
"262","PADRON ESCUELAS",288,194.58140625,93.41859375,"Auditoria Fiscal Federal",1,288,194.58140625
"263","PAGC",170,42.64875,127.35125,"Sin Direccion",1,170,42.64875
"264","PAM",72133.01171875,9410.68085390625,62722.3308648437,"Sin Direccion",1,72133.01171875,9410.68085390625
"265","PEM",423,45.11295,377.88705,"Sin Direccion",1,423,45.11295
"266","PGI",3016,957.4686859375,2058.5313140625,"Sin Direccion",1,3016,957.4686859375
"267","PIM",3973,486.1084,3486.8916,"Servicios al Contribuyente",1,3973,486.1084
"268","PKI",19339,3805.81976822323,15533.1802317768,"Servicios al Contribuyente",1,19339,3805.81976822323
"269","PLANTILLADOR",301,184.349779390315,116.650220609685,"TODAS",1,301,184.349779390315
"270","PLATESPIN MIGRATE",60,12.0765,47.9235,"Sin Direccion",1,60,12.0765
"271","POC",11699,2937.16817026449,8761.83182973551,"Sin Direccion",1,11699,2937.16817026449
"272","POCORACLE",570.5,138.29158203125,432.20841796875,"Comunicaciones y Tecnologias de la Informacion",1,570.5,138.29158203125
"273","POR",1316.5,396.48218203125,920.01781796875,"Sin Direccion",1,1316.5,396.48218203125
"274","PORTAL ANTILAVADO DE DINERO (UIF)",3688.5009765625,1176.05252023964,2512.44845632286,"Auditoria Fiscal Federal",1,3688.5009765625,1176.05252023964
"275","PORTAL INTERNET SAT",672,412.9776,259.0224,"Recaudacion",2,336,206.4888
"276","PORTAL INTERNET SAT",672,412.9776,259.0224,"Servicios al Contribuyente",2,336,206.4888
"277","PORTAL SAT (ACW)",8308.5880859375,4174.18256649833,4134.40551943917,"Servicios al Contribuyente",1,8308.5880859375,4174.18256649833
"278","PPM",1382,313.731174032022,1068.26882596798,"Sin Direccion",1,1382,313.731174032022
"279","PPMC",1168,263.055974032022,904.944025967978,"TODAS",1,1168,263.055974032022
"280","PRT",192,57.4464,134.5536,"TODAS",1,192,57.4464
"281","PRU",8274,1443.53385,6830.46615,"Sin Direccion",1,8274,1443.53385
"282","PS",919.9,742.463250211327,177.436749788673,"Sin Direccion",1,919.9,742.463250211327
"283","PSP",7190.4,1308.798364109,5881.601635891,"Sin Direccion",1,7190.4,1308.798364109
"284","PTL",659,272.38046015625,386.61953984375,"Sin Direccion",1,659,272.38046015625
"285","PTS",634.5,76.0187455078125,558.481254492188,"Sin Direccion",1,634.5,76.0187455078125
"286","Publicacion de datos Contribuyentes",13617.2900910066,4496.62325890898,9120.6668320976,"Sin Direccion",1,13617.2900910066,4496.62325890898
"287","QSNODE",654.8,534.140269447686,120.659730552314,"Sin Direccion",1,654.8,534.140269447686
"288","RATIONAL",2302,773.52875,1528.47125,"Comunicaciones y Tecnologias de la Informacion",1,2302,773.52875
"289","RDM",1516,388.6291,1127.3709,"Sin Direccion",1,1516,388.6291
"290","RECURSO DE REVOCACION EN LINEA",7638.56666666667,1800.46396972656,5838.1026969401,"Juridica",1,7638.56666666667,1800.46396972656
"291","RED",1565,379.03045,1185.96955,"Sin Direccion",1,1565,379.03045
"292","REGISTRO FISCAL SIMPLIFICADO",77047.6204427083,21269.6003339172,55778.0201087911,"Auditoria Fiscal Federal",1,77047.6204427083,21269.6003339172
"293","REM",9887.065625,4186.56013068347,5700.50549431653,"Sin Direccion",1,9887.065625,4186.56013068347
"294","REMEDY",4729.0962890625,3211.21057066441,1517.88571839808,"TODAS",1,4729.0962890625,3211.21057066441
"295","REP",29628.046875,10022.1960108948,19605.8508641052,"Servicios al Contribuyente",1,29628.046875,10022.1960108948
"296","REPECOS",1221.30859375,847.074776308734,374.233817441266,"Servicios al Contribuyente",1,1221.30859375,847.074776308734
"297","RES",1971.83984375,41.8014953613281,1930.03834838867,"Sin Direccion",1,1971.83984375,41.8014953613281
"298","RFC",47994.5659179688,16596.7964674893,31397.7694504795,"Sin Direccion",1,47994.5659179688,16596.7964674893
"299","RFC AMPLIADO",139199.904880898,42728.1045843795,96471.8002965182,"Servicios al Contribuyente",1,139199.904880898,42728.1045843795
"300","RFD",800,154.8037125,645.1962875,"Sin Direccion",1,800,154.8037125
"301","RFS",98727.1204427083,25609.3997783378,73117.7206643705,"Sin Direccion",1,98727.1204427083,25609.3997783378
"302","RIF-DYP CONTENCION",15556.373828125,5221.18363468851,10335.1901934365,"Servicios al Contribuyente",1,15556.373828125,5221.18363468851
"303","RII",8352,1164.5296,7187.4704,"Sin Direccion",1,8352,1164.5296
"304","RIN",1600.857421875,491.282266992188,1109.57515488281,"Sin Direccion",1,1600.857421875,491.282266992188
"305","RIS IMSS",564,125.1460921875,438.8539078125,"Servicios al Contribuyente",1,564,125.1460921875
"306","RIVPOC",114,21.432,92.568,"Sin Direccion",1,114,21.432
"307","RRL",7778.56666666667,1850.34596972656,5928.2206969401,"Sin Direccion",1,7778.56666666667,1850.34596972656
"308","RRL y CAL",7218.31932277741,1750.29526270753,5468.02406006988,"Sin Direccion",1,7218.31932277741,1750.29526270753
"309","SAI",1568,1166.016,401.984,"Sin Direccion",1,1568,1166.016
"310","SAM",5114,1464.41275,3649.58725,"Sin Direccion",1,5114,1464.41275
"311","SAORS",444,169.91658,274.08342,"Comunicaciones y Tecnologias de la Informacion",1,444,169.91658
"312","SAR",1276.00048828125,768.460310840607,507.540177440643,"Comunicaciones y Tecnologias de la Informacion",1,1276.00048828125,768.460310840607
"313","SAS",87475.4083984375,46263.2109143762,41212.1974840613,"Planeacion",1,87475.4083984375,46263.2109143762
"314","SASLABX",203.5,108.198803710937,95.3011962890625,"Sin Direccion",1,203.5,108.198803710937
"315","SAT",20,4.23232822540781,15.7676717745922,"TODAS",1,20,4.23232822540781
"316","SBT",904,127.9004,776.0996,"Sin Direccion",1,904,127.9004
"317","SBV",174,21.2454,152.7546,"Sin Direccion",1,174,21.2454
"318","SCADE1",149.8037109375,92.4987980468749,57.3049128906251,"Comunicaciones y Tecnologias de la Informacion",1,149.8037109375,92.4987980468749
"319","SCC",2720.66666666667,752.826882552083,1967.83978411458,"Sin Direccion",1,2720.66666666667,752.826882552083
"320","SCCCyG",2745.41932277741,740.378935298671,2005.04038747874,"Sin Direccion",1,2745.41932277741,740.378935298671
"321","SCF",186,132.4878,53.5122,"Sin Direccion",1,186,132.4878
"322","SCG",19524.216796875,5321.66973387402,14202.547063001,"Sin Direccion",1,19524.216796875,5321.66973387402
"323","SCS",149642.036197917,111756.788465273,37885.2477326435,"Servicios al Contribuyente",1,149642.036197917,111756.788465273
"324","SCT",2560,404.4864,2155.5136,"Sin Direccion",1,2560,404.4864
"325","SD",7969.7158203125,1835.27738867187,6134.43843164064,"Sin Direccion",1,7969.7158203125,1835.27738867187
"326","SD2.ORIGINAL",420,36.288,383.712,"Sin Direccion",1,420,36.288
"327","SDS",378,105.44501953125,272.55498046875,"Sin Direccion",1,378,105.44501953125
"328","SECREFIS",97.8818359375,62.0846837513161,35.7971521861839,"Auditoria Fiscal Federal",1,97.8818359375,62.0846837513161
"329","SEGURIDAD/CFDI/SCADE1/SFE",4318.584375,2762.1683066322,1556.4160683678,"Auditoria Fiscal Federal",1,4318.584375,2762.1683066322
"330","SEI",9125.001953125,1679.73464609375,7445.26730703126,"Sin Direccion",1,9125.001953125,1679.73464609375
"331","SEM",10093.5,1887.15185,8206.34815,"Sin Direccion",1,10093.5,1887.15185
"332","SEMAFOROS INTELIGENTES",6450.5,1163.14485,5287.35515,"Aduanas",1,6450.5,1163.14485
"333","SERCAA",1980.1328125,1768.3334652832,211.799347216797,"Recursos y Servicios",1,1980.1328125,1768.3334652832
"334","SERVICIOS AL CONTRIBUYENTE",20357,4542.5478375,15814.4521625,"Comunicaciones y Tecnologias de la Informacion",1,20357,4542.5478375
"335","SERVICIOS CENTRALES",153589.536197917,112935.446023747,40654.0901741699,"TODAS",1,153589.536197917,112935.446023747
"336","SERVICIOS TRIBUTARIOS IMPUESTOS INTERNOS",3466.920703125,2198.67056051276,1268.25014261224,"Auditoria Fiscal Federal",1,3466.920703125,2198.67056051276
"337","SFE",17262.384375,13852.3132778911,3410.07109710891,"Sin Direccion",1,17262.384375,13852.3132778911
"338","SGE",282,52.036,229.964,"Sin Direccion",1,282,52.036
"339","SIARF",203.12109375,119.370496270752,83.750597479248,"Comunicaciones y Tecnologias de la Informacion",1,203.12109375,119.370496270752
"340","SIAT COMERCIO EXTERIOR (SIAT-CE)",8411.548828125,1466.08404082031,6945.46478730469,"Aduanas",1,8411.548828125,1466.08404082031
"341","SIAT: Sistema Integral de Administracion Tributaria; Fase 1.",11663.9919133314,3295.27149254584,8368.72042078554,"Sin Direccion",1,11663.9919133314,3295.27149254584
"342","SIBUD",644,445.487,198.513,"Evaluacion",1,644,445.487
"343","SIC",5506.105859375,2858.95535065667,2647.15050871833,"Sin Direccion",1,5506.105859375,2858.95535065667
"344","SICAP",140,108.612,31.388,"Sin Direccion",1,140,108.612
"345","SICOBI",3592.01171875,2506.15694082031,1085.85477792969,"Recursos y Servicios",1,3592.01171875,2506.15694082031
"346","SICOFI",64,45.56935,18.43065,"Servicios al Contribuyente",1,64,45.56935
"347","SICONT",4792.405859375,2005.78526935764,2786.62059001736,"Servicios al Contribuyente",1,4792.405859375,2005.78526935764
"348","SIMULADOR DE CUESTIONARIO DE OBLIGACIONES",332,44.623125,287.376875,"Servicios al Contribuyente",1,332,44.623125
"349","SIN",10570.5029296875,4488.37502307555,6082.12790661195,"Sin Direccion",1,10570.5029296875,4488.37502307555
"350","SIO",48,22.6446713341113,25.3553286658887,"Sin Direccion",1,48,22.6446713341113
"351","SIOS",654,179.559193990361,474.440806009639,"Planeacion",1,654,179.559193990361
"352","SIP",2128,383.2528,1744.7472,"Sin Direccion",1,2128,383.2528
"353","SIREIN",737,474.040995535714,262.959004464286,"Sin Direccion",1,737,474.040995535714
"354","SIRESI",138.625,132.174128571428,6.45087142857145,"Sin Direccion",1,138.625,132.174128571428
"355","SIS",606,156.91452265625,449.08547734375,"Sin Direccion",1,606,156.91452265625
"356","SISTEMA DE CONTABILID ADGL",200.8,161.476958298112,39.3230417018879,"Recursos y Servicios",1,200.8,161.476958298112
"357","SISTEMA INTEGRAL DE ADMINISTRACION TRIBUTARIA",110512.750746783,49262.5711624175,61250.1795843656,"TODAS",1,110512.750746783,49262.5711624175
"358","SISTEMADECOSTOS",132,52.8837890625,79.1162109375,"Sin Direccion",1,132,52.8837890625
"359","SIT",169932.622491575,56839.4589038348,113093.16358774,"Sin Direccion",1,169932.622491575,56839.4589038348
"360","SITIO INTERNET",131,32.3313,98.6687,"TODAS",1,131,32.3313
"361","SIVIME",2840,746.680548165618,2093.31945183438,"Recaudacion",1,2840,746.680548165618
"362","SLO",148,65.0403076171875,82.9596923828125,"Sin Direccion",1,148,65.0403076171875
"363","SMO",392,89.4772,302.5228,"Sin Direccion",1,392,89.4772
"364","SO",2195,479.168,1715.832,"Sin Direccion",1,2195,479.168
"365","SOA",2659.890625,1432.44685639881,1227.44376860119,"Sin Direccion",1,2659.890625,1432.44685639881
"366","SOIA (Sistema de Citas para FIEL)",426,386.196569393382,39.8034306066177,"Servicios al Contribuyente",1,426,386.196569393382
"367","SOIA/PEA/CEW",448,151.892161016949,296.107838983051,"Aduanas",1,448,151.892161016949
"368","SOLUCION INTEGRAL",31125.5488932292,17513.9152112136,13611.6336820156,"Recaudacion",1,31125.5488932292,17513.9152112136
"369","SOLUCION INTEGRAL- STRESS",198,50.9280455295139,147.071954470486,"Sin Direccion",1,198,50.9280455295139
"370","SRCONE",18387.6865234375,16629.0145950318,1758.67192840577,"Sin Direccion",1,18387.6865234375,16629.0145950318
"371","SRCONEA",4275.998046875,1738.79451828003,2537.20352859497,"Sin Direccion",1,4275.998046875,1738.79451828003
"372","SRF",5080,1135.51105,3944.48895,"Sin Direccion",1,5080,1135.51105
"373","SSAP",67.763671875,38.9336176757812,28.8300541992188,"Servicios al Contribuyente",1,67.763671875,38.9336176757812
"374","SSC",8979.8056640625,2191.86821137696,6787.93745268555,"Sin Direccion",1,8979.8056640625,2191.86821137696
"375","SST",164,38.9472,125.0528,"Sin Direccion",1,164,38.9472
"376","STI",3562.920703125,2233.25216051276,1329.66854261224,"Sin Direccion",1,3562.920703125,2233.25216051276
"377","STI NIVEL ",82,24.1076171875,57.8923828125,"Sin Direccion",1,82,24.1076171875
"378","SUII",254,247.142,6.85800000000001,"Auditoria Fiscal Federal",1,254,247.142
"379","SUSE ",32,11.4359375,20.5640625,"Sin Direccion",1,32,11.4359375
"380","SVE",420,158.63665,261.36335,"Sin Direccion",1,420,158.63665
"381","SYNAMETRICS",100,99.99,0.0100000000000051,"Sin Direccion",1,100,99.99
"382","SYSLOG",79,36.3015380859375,42.6984619140625,"Comunicaciones y Tecnologias de la Informacion",1,79,36.3015380859375
"383","SYSPR",1198,336.67555,861.32445,"Sin Direccion",1,1198,336.67555
"384","Sistema de Gestion de Riesgos para el Sistema de Viajero Confiable (SIGER-PVC)",507.844171262255,185.492878073628,322.351293188627,"Sin Direccion",1,507.844171262255,185.492878073628
"385","Soporte y Control de Obligaciones ",441.75,212.05354296875,229.69645703125,"Sin Direccion",1,441.75,212.05354296875
"386","TAB",7372,1402.28675,5969.71325,"Sin Direccion",1,7372,1402.28675
"387","TEMPLATE",637,211.963882421875,425.036117578125,"Sin Direccion",1,637,211.963882421875
"388","TEMPLATE N0 CLE 5.8 32GBHD ESTANDAR",32,9.209375,22.790625,"Sin Direccion",1,32,9.209375
"389","TERCEROS",293.5,237.456487743026,56.0435122569738,"Servicios al Contribuyente",1,293.5,237.456487743026
"390","TES",1272,113.2716,1158.7284,"Sin Direccion",1,1272,113.2716
"391","TEST",40,8.046,31.954,"Sin Direccion",1,40,8.046
"392","TESTORCL",32,3.352,28.648,"Sin Direccion",1,32,3.352
"393","TMP",3559,535.32807,3023.67193,"Sin Direccion",1,3559,535.32807
"394","TPKI",302,55.1603,246.8397,"Sin Direccion",1,302,55.1603
"395","TPLT.",404,65.329546875,338.670453125,"Sin Direccion",1,404,65.329546875
"396","TRAINING",0,0,0,"Sin Direccion",1,0,0
"397","TRES",30750.685546875,5681.19274705012,25069.4927998249,"Sin Direccion",1,30750.685546875,5681.19274705012
"398","TRI",793.3,252.280891988131,541.019108011869,"Servicios al Contribuyente",1,793.3,252.280891988131
"399","UIF",2082.5009765625,842.24099680214,1240.25997976036,"Sin Direccion",1,2082.5009765625,842.24099680214
"400","VIV",340,101.966,238.034,"Aduanas",1,340,101.966
"401","VLAN",80,12.66,67.34,"Sin Direccion",1,80,12.66
"402","VMOTION PRUEBA",8,2.097265625,5.902734375,"Sin Direccion",1,8,2.097265625
"403","VOC",1556,351.10865,1204.89135,"Sin Direccion",1,1556,351.10865
"404","VSPHERE DATA  5.",100,99.99,0.0100000000000051,"Sin Direccion",1,100,99.99
"405","VUCEM",39768.4912109375,23708.0144226547,16060.4767882828,"Aduanas",1,39768.4912109375,23708.0144226547
"406","W.1.1.64.0.",32,9.0656,22.9344,"Sin Direccion",1,32,9.0656
"407","W.1.2.32.1.",52,41.69140625,10.30859375,"Sin Direccion",1,52,41.69140625
"408","W.2.1.64.1.",42,13.5051,28.4949,"Sin Direccion",1,42,13.5051
"409","W.2.1.64.8.",42,33.673828125,8.326171875,"Sin Direccion",1,42,33.673828125
"410","WI",16,0.672,15.328,"Sin Direccion",1,16,0.672
"411","WILY",96,38.1408,57.8592,"Sin Direccion",1,96,38.1408
"412","WINDOWS 2008 HW9 32GBHDD",32,8.4875,23.5125,"Sin Direccion",1,32,8.4875
"413","XP",595.65,480.510767117498,115.139232882502,"Sin Direccion",1,595.65,480.510767117498
"414","XTADSDC",120,78.123046875,41.876953125,"Sin Direccion",1,120,78.123046875
"415","XTCS",436.126953125,187.730846972656,248.396106152344,"Sin Direccion",1,436.126953125,187.730846972656
"416","XTEMC",1590.3984375,1000.01323814392,590.385199356079,"Sin Direccion",1,1590.3984375,1000.01323814392
"417","XTPS",1400,547.5225,852.4775,"Sin Direccion",1,1400,547.5225
"418","YUM",80,24.796875,55.203125,"Sin Direccion",1,80,24.796875
"419","e-firma",4941.46477732286,1233.03995036733,3708.42482695553,"Sin Direccion",1,4941.46477732286,1233.03995036733
"420","sin aplicacion",1702,337.470028225408,1364.52997177459,"Sin Direccion",1,1702,337.470028225408
